article_id	start_position	end_position	entity_text	entity_type
0	454	456	說年	time
1	94	96	88	med_exam
1	122	124	60	med_exam
1	414	418	四個月前	time
2	48	50	出現	time
2	275	276	5	med_exam
2	276	278	00	time
2	285	288	500	time
2	792	795	兩個月	time
2	1135	1137	說看	time
2	1151	1152	4	profession
2	1152	1153	5	name
2	1153	1154	0	name
3	225	227	早上	time
4	24	26	今年	time
4	148	150	36	med_exam
4	173	179	114/66	med_exam
4	187	189	8月	time
4	189	191	13	med_exam
4	215	218	622	med_exam
4	303	305	12	med_exam
4	319	321	15	med_exam
4	326	328	31	med_exam
5	53	55	四月	time
5	106	108	20	med_exam
5	151	155	9700	med_exam
5	162	163	9	profession
5	163	164	7	name
5	164	165	0	name
5	165	166	0	name
5	188	189	1	profession
5	189	190	0	name
5	190	191	6	name
5	191	192	0	name
5	192	193	0	name
5	197	198	1	profession
5	198	199	0	name
5	199	200	6	name
5	200	201	0	name
5	201	202	0	name
5	206	207	1	profession
5	207	208	0	name
5	208	209	6	name
5	209	210	0	name
5	210	211	0	name
5	217	218	1	profession
5	218	219	0	name
5	219	220	6	name
5	220	221	0	name
5	221	222	0	name
5	232	233	9	profession
5	233	234	7	name
5	234	235	0	name
5	235	236	0	name
5	699	701	90	med_exam
5	726	731	10月25	time
5	1010	1013	兩個月	time
5	1025	1028	試試看	time
5	1035	1038	兩個月	time
5	1051	1056	10月25	time
5	1139	1142	10月	time
5	1148	1151	11月	time
5	1170	1173	兩個月	time
5	1288	1291	兩個月	time
5	1303	1306	兩個月	time
5	1324	1327	一個月	time
5	1334	1337	一個月	time
5	1345	1348	兩個月	time
5	1357	1360	一個月	time
5	1372	1375	兩個月	time
5	1405	1408	一個月	time
5	1413	1418	10月14	time
5	1451	1456	10月25	time
5	1466	1471	10月25	time
5	1478	1483	10月25	time
5	1490	1493	下個月	time
5	1499	1503	9月24	time
5	1509	1514	10月25	time
5	1522	1524	10	time
5	1527	1530	兩個月	time
5	1556	1559	兩個月	time
5	1563	1566	兩個月	time
5	1570	1573	兩個月	time
5	2105	2108	一個月	time
5	2223	2224	9	ID
5	2224	2225	7	family
5	2241	2242	9	ID
5	2242	2245	700	family
5	2275	2276	2	med_exam
6	155	157	七月	time
6	164	166	七月	time
6	194	196	九月	time
6	786	788	九月	time
6	810	813	兩個月	time
6	1044	1046	早上	time
6	1380	1383	兩個月	time
6	1386	1389	兩個月	time
6	1468	1471	兩個月	time
6	1944	1945	公	money
6	1945	1946	費	name
7	56	57	被	ID
7	57	58	電	location
7	373	375	30	time
7	717	722	一、兩個月	time
7	726	731	一、兩個月	time
7	759	760	頭	money
7	760	761	驗	name
7	812	814	8月	time
7	831	834	4個月	time
7	964	966	一月	time
7	1113	1116	3月2	time
8	626	627	一	time
8	633	636	一個月	time
8	643	645	個月	time
8	672	675	兩個月	time
8	686	689	四個月	time
9	3	4	林	ID
9	4	6	大華	location
9	7	8	E	ID
9	8	17	127388873	family
9	74	75	林	ID
9	75	76	醫	location
9	162	163	痔	profession
9	163	164	瘡	family
9	206	207	痔	profession
9	207	208	瘡	family
9	1221	1223	4月	time
9	1384	1386	四月	time
9	1599	1602	120	med_exam
9	1603	1605	80	med_exam
9	2763	2769	一個月一個月	time
10	211	214	試試看	time
10	831	833	試試	time
11	207	208	痛	name
11	932	933	1	profession
11	933	934	2	name
11	934	935	1	name
11	1218	1219	1	ID
11	1219	1221	20	family
11	1353	1356	120	med_exam
11	1755	1756	2	ID
11	1756	1759	540	family
11	3254	3255	自	ID
11	3255	3256	己	location
11	3291	3293	切出	time
11	3434	3438	2540	med_exam
11	3549	3552	201	med_exam
11	3579	3584	2013年	time
11	4437	4440	快四年	time
11	4485	4489	2013	time
11	4496	4501	2013年	time
11	5180	5185	11月30	time
11	5191	5196	11/29	time
11	5210	5215	11/29	time
11	5728	5729	公	money
11	5729	5730	斤	name
11	5774	5776	63	time
11	5787	5789	75	time
11	5790	5794	63公斤	time
11	5809	5814	8月23日	time
11	5824	5827	一個月	time
11	6468	6469	希	ID
11	6469	6470	望	location
11	6478	6479	希	ID
11	6479	6480	望	location
13	160	162	前年	time
13	178	180	前年	time
13	517	519	一年	time
13	1276	1282	735497	contact
14	269	271	去年	time
14	529	532	349	med_exam
14	987	989	今年	time
15	620	625	11月20	time
15	648	650	47	time
15	651	653	42	time
16	90	91	春	location
16	141	143	62	med_exam
16	149	151	62	med_exam
16	163	168	173公分	med_exam
16	172	177	173公分	med_exam
16	266	269	263	med_exam
16	290	292	20	med_exam
16	466	467	兩	money
16	467	468	百	name
16	623	626	2月2	time
16	703	705	1年	time
16	740	742	一年	time
16	832	836	2月16	time
17	610	611	7	med_exam
18	487	490	五月月	time
18	501	505	四個月而	time
18	615	618	四個月	time
18	632	635	兩個月	time
18	1299	1301	早上	time
18	1836	1837	6	profession
18	1837	1838	2	name
18	1838	1839	5	name
19	45	47	掛急	time
19	124	125	牙	ID
19	125	126	根	location
19	300	303	出現。	time
19	1379	1380	爭	ID
19	1380	1381	鮮	location
20	549	550	頭	money
20	550	551	痛	name
21	25	27	72	med_exam
21	77	81	1107	med_exam
21	86	90	1107	med_exam
21	99	103	1106	med_exam
21	104	105	5	med_exam
21	110	112	11	med_exam
21	132	136	1107	med_exam
21	137	141	6/14	med_exam
21	198	200	89	med_exam
21	212	213	4	med_exam
21	214	215	8	med_exam
21	908	911	這半年	time
22	283	286	幾個月	time
23	959	960	自	ID
23	960	961	費	location
23	968	969	自	ID
23	969	970	費	location
23	1304	1305	壓	ID
23	1305	1306	劑	location
23	1311	1312	壓	ID
23	1312	1313	劑	location
23	1389	1392	170	med_exam
23	1393	1396	180	med_exam
23	1400	1403	170	med_exam
23	1404	1407	180	med_exam
23	1639	1642	180	med_exam
23	1662	1665	170	med_exam
23	1666	1669	180	med_exam
23	1965	1966	頭	money
23	1966	1967	痛	name
23	1996	1997	頭	money
23	1997	1998	痛	name
23	2152	2155	120	med_exam
23	2156	2159	130	med_exam
24	137	139	59	med_exam
24	143	145	59	med_exam
24	325	327	早上	time
24	339	341	早上	time
24	372	377	12月15	time
25	194	197	一個月	time
25	649	650	大	ID
25	650	651	學	location
26	157	159	55	med_exam
26	163	165	55	med_exam
26	176	177	1	profession
26	177	178	6	name
26	178	179	2	name
26	183	186	162	med_exam
26	454	455	4	profession
26	455	456	9	name
26	456	457	7	name
26	466	469	497	med_exam
26	541	543	70	med_exam
26	637	640	半年前	time
26	642	644	30	med_exam
26	1123	1126	140	med_exam
26	1335	1338	試試看	time
27	3	4	佳	ID
27	4	5	建	location
27	278	279	1	name
27	279	280	2	name
27	280	281	5	name
27	288	290	10	med_exam
27	902	903	頭	money
27	903	904	痛	name
27	965	966	驗	money
27	966	968	一下	name
27	975	976	驗	money
27	976	977	一	name
27	985	986	驗	money
27	986	987	一	name
27	1047	1048	四	time
27	1053	1058	10月12	time
28	449	451	習慣	time
28	941	944	兩個月	time
28	1024	1026	去年	time
28	1037	1039	去年	time
28	1066	1067	捷	ID
28	1067	1068	運	location
28	1437	1440	一年四	time
28	1451	1453	一年	time
28	1672	1674	七月	time
28	1682	1684	七月	time
29	58	59	1	name
29	422	424	去年	time
29	587	590	3個月	time
29	626	629	一個月	time
29	808	810	個月	time
30	22	26	7月19	time
30	36	39	935	med_exam
30	171	174	2月初	time
30	192	196	7月19	time
30	465	467	半年	time
30	811	812	區	ID
30	824	825	泌	ID
30	836	837	泌	ID
30	920	922	8月	time
30	923	925	8月	time
30	938	939	抽	time
30	966	968	8月	time
30	982	984	半年	time
30	1013	1016	11月	time
30	1036	1038	2月	time
30	1039	1042	2月下	time
30	1047	1048	年	time
30	1049	1053	2月下半	time
30	1055	1058	下半月	time
30	1213	1217	2月25	time
31	279	280	記	profession
31	280	281	錄	family
31	1378	1381	三個月	time
31	1444	1447	三個月	time
31	1883	1886	十一月	time
32	78	79	林	money
32	79	80	醫	name
32	86	87	林	money
32	87	88	醫	name
32	172	173	抽	ID
32	269	270	林	ID
32	270	272	醫師	location
32	737	740	兩個月	time
32	743	746	兩個月	time
32	1037	1038	林	money
32	1038	1039	醫	name
33	3	6	這個月	time
33	15	18	這個月	time
33	161	164	690	med_exam
33	528	532	2月25	time
33	553	557	2月25	time
33	679	683	舊3個月	time
34	3	5	今年	time
34	26	28	今年	time
34	311	314	874	med_exam
34	315	319	8月20	time
34	332	334	八月	time
34	379	381	八月	time
34	382	384	八月	time
34	385	387	九月	time
34	444	447	901	time
34	465	467	九月	time
34	538	540	二月	time
34	543	545	二月	time
34	552	554	二月	time
35	693	696	兩個月	time
35	1301	1304	試試看	time
35	1676	1679	試試看	time
35	1805	1809	8463	family
36	39	42	256	med_exam
36	59	60	2	profession
36	60	61	0	name
36	61	62	0	name
36	99	102	195	med_exam
36	214	217	試試看	time
36	490	492	半年	time
36	496	498	半年	time
36	957	960	172	med_exam
36	1076	1077	或	ID
36	1077	1078	糕	location
36	1115	1116	E	ID
36	1116	1125	183745524	family
37	82	85	130	med_exam
37	89	92	130	med_exam
37	476	479	快過年	time
38	230	231	怪	name
38	300	301	林	money
38	301	302	醫	name
38	305	306	林	money
38	306	307	醫	name
38	768	769	3	name
38	769	770	5	name
38	770	771	6	name
38	771	772	4	name
38	772	773	2	name
38	773	774	2	name
38	774	775	3	name
38	775	776	4	name
39	800	802	個月	time
39	815	817	個月	time
39	1493	1494	保	ID
39	1494	1495	卡	location
41	649	650	五	money
41	650	651	百	name
41	1458	1459	自	ID
41	1459	1460	費	location
41	2067	2069	九月	time
41	2120	2122	半年	time
41	2349	2350	進	ID
41	2350	2352	步才	location
41	2812	2813	而	time
41	2814	2816	出現	time
41	2846	2847	進	ID
41	2847	2848	步	location
42	1492	1493	自	ID
42	1493	1494	費	location
42	1508	1509	自	ID
42	1509	1510	費	location
43	193	196	632	med_exam
43	200	203	632	med_exam
43	248	251	500	med_exam
43	636	638	7月	time
43	827	828	區	ID
43	828	829	公	location
43	895	897	5年	time
43	1005	1007	1月	time
44	10	15	56648	contact
44	285	289	說400	med_exam
44	301	302	4	profession
44	302	303	0	name
44	303	304	0	name
44	304	305	多	name
44	531	533	98	med_exam
44	540	542	98	med_exam
44	713	714	林	ID
44	717	718	林	ID
44	821	822	林	ID
45	54	56	27	med_exam
45	409	412	兩個月	time
45	1420	1424	一兩個月	time
45	2062	2064	去年	time
45	2075	2077	62	med_exam
45	2078	2080	63	time
45	2223	2228	這一兩個月	time
45	2251	2254	兩個月	time
45	2330	2333	12月	time
45	2337	2342	10月13	time
45	2344	2349	11月17	time
45	2353	2356	兩個月	time
45	2359	2362	下個月	time
45	3020	3023	三個月	time
46	376	377	管	location
46	384	385	0	profession
46	385	386	9	name
46	386	387	3	name
46	387	388	3	name
46	388	389	6	name
46	389	390	2	name
46	390	391	5	name
46	391	392	3	name
46	392	393	3	name
46	393	394	7	name
47	801	802	當	ID
47	802	803	兵	location
48	746	751	10月16	time
48	755	756	美	time
48	835	838	三個月	time
48	853	854	林	ID
48	854	855	醫	location
48	1596	1599	三個月	time
48	1609	1612	一個月	time
48	1706	1708	53	time
48	1750	1752	早上	time
48	1851	1852	抽	ID
48	1852	1853	血	location
48	1866	1871	66674	time
49	5	6	林	ID
49	6	8	大名	location
49	11	17	399384	contact
49	17	18	6	education
50	41	42	林	ID
50	42	44	醫師	location
50	729	733	1月15	time
50	793	797	1月20	time
50	809	813	1月10	time
50	837	841	1月20	time
50	1090	1095	說1月26	time
50	1968	1973	說1月20	time
51	24	29	66672	contact
51	218	220	14	time
51	283	288	10月15	time
51	292	297	10月15	time
51	319	324	11月18	time
51	441	445	12月7	time
51	461	464	12月	time
51	469	474	12月16	time
51	479	484	12月16	time
51	626	630	12月7	time
51	643	647	12月7	time
51	659	663	12月7	time
51	669	673	12月7	time
51	782	786	12月7	time
51	832	836	12月7	time
51	968	971	兩個禮	time
51	1254	1256	18	med_exam
51	1269	1272	快20	med_exam
51	1507	1510	兩個月	time
51	1515	1518	兩個月	time
51	1629	1631	20	med_exam
51	1818	1821	10分	time
51	1885	1888	試試看	time
52	226	227	刀	med_exam
53	909	911	睛看	time
53	1068	1072	早上八點	time
53	1402	1407	10月19	time
53	1413	1417	6月15	time
53	1418	1421	477	time
55	114	118	一、兩年	time
55	606	609	兩個月	time
55	689	691	九月	time
55	749	752	一個月	time
55	1061	1062	兩	money
55	1062	1063	百	name
55	1065	1066	兩	money
55	1066	1067	百	name
55	1227	1230	兩個月	time
55	1237	1240	兩個月	time
55	1247	1250	兩個月	time
55	1264	1267	四個月	time
55	1313	1316	兩個月	time
55	1324	1327	一個月	time
55	1328	1331	下個月	time
56	723	725	10	med_exam
56	793	796	兩個月	time
56	819	822	兩個月	time
56	829	834	兩個月試試	time
56	843	847	兩個月試	time
57	441	443	兩年	time
57	452	454	兩年	time
57	490	492	11	med_exam
57	513	514	2	name
57	514	515	4	name
57	720	722	七月	time
57	726	728	五月	time
57	729	731	四月	time
57	744	746	四月	time
57	770	773	快一年	time
57	786	789	快一年	time
57	799	803	10月5	time
58	23	25	10	med_exam
58	41	42	8	med_exam
58	216	219	兩個月	time
58	220	223	4月8	time
58	226	230	這一個月	time
58	383	385	一年	time
58	393	396	兩個月	time
58	453	454	林	ID
58	454	456	醫師	location
58	710	711	林	ID
58	711	713	醫師	location
58	1044	1045	林	money
58	1045	1046	醫	name
58	1225	1228	三個月	time
58	1273	1275	90	time
58	1340	1341	青	ID
58	1341	1342	草	location
58	1597	1599	個月	time
58	1684	1685	林	money
58	1685	1686	醫	name
58	1801	1804	三個月	time
59	168	169	2	name
59	702	705	379	time
59	1115	1117	早上	time
59	1119	1120	1	profession
59	1120	1121	3	name
59	1121	1122	9	name
59	1327	1329	早上	time
61	521	522	前	ID
61	522	524	陣子	location
61	1596	1599	前一年	time
62	131	132	5	profession
62	132	133	8	name
62	170	171	1	profession
62	171	172	7	name
62	172	173	5	name
62	177	180	175	med_exam
62	187	190	175	med_exam
62	220	222	8月	time
62	777	779	說看	time
62	994	998	這三個月	time
62	1009	1011	早上	time
62	1111	1113	早上	time
62	1222	1225	150	med_exam
62	1229	1232	150	med_exam
62	1252	1255	270	med_exam
62	1259	1260	2	ID
62	1260	1262	70	family
62	1894	1896	10	med_exam
63	7	8	2	ID
63	8	16	34526780	family
63	158	161	138	med_exam
63	185	188	130	med_exam
63	205	208	7．9	med_exam
63	236	241	14600	med_exam
63	253	257	4900	med_exam
63	268	272	4900	med_exam
63	360	361	4	name
63	361	362	4	name
63	486	488	早上	time
63	698	700	28	med_exam
63	720	722	14	med_exam
63	1155	1156	促	ID
63	1156	1157	進	location
64	533	536	一起驗	time
64	545	547	一起	time
65	262	263	八	ID
65	263	265	月七	location
65	327	328	八	ID
65	328	330	月七	location
65	1476	1477	七	money
65	1477	1478	百	location
65	2114	2115	七	money
65	2115	2116	百	location
65	2305	2307	29	contact
65	2307	2310	073	family
66	233	234	頭	money
66	234	235	痛	name
67	1906	1908	早上	time
67	1918	1920	早上	time
67	2274	2277	四個月	time
67	2294	2295	自	ID
67	2295	2296	費	location
67	2839	2841	八月	time
67	2913	2914	3	med_exam
67	2988	2989	泌	ID
67	2989	2990	尿	location
67	3025	3026	泌	ID
67	3026	3027	尿	location
68	643	645	前看	time
69	514	516	七月	time
69	984	985	林	money
69	985	986	醫	name
70	63	65	50	med_exam
70	1771	1773	7月	time
70	1809	1813	7月10	time
70	1858	1863	9點11分	med_exam
70	1864	1869	13點16	med_exam
70	1893	1897	7月16	time
70	1899	1903	7月16	time
70	1908	1910	轉急	time
70	1910	1911	轉	location
70	1923	1929	10點55分	med_exam
70	1935	1941	21點03分	med_exam
70	1958	1960	7月	time
70	1963	1967	7月23	time
70	1971	1975	7月30	time
70	1977	1980	8月3	time
70	1987	1989	3號	time
70	2015	2016	1	time
70	2017	2018	2	time
70	2019	2020	3	time
70	2021	2022	4	time
72	183	184	睡	ID
72	184	185	到	location
72	1298	1302	7月24	time
73	70	74	7月20	time
73	92	95	889	med_exam
73	541	542	痔	profession
73	542	543	瘡	family
73	551	552	痔	profession
73	552	553	瘡	family
73	642	643	年	time
73	651	654	下個月	time
73	718	720	去年	time
73	1015	1016	抽	ID
73	1016	1017	血	location
73	1706	1708	習慣	time
73	1728	1730	習慣	time
73	1892	1895	試試看	time
74	3	4	子	ID
74	4	5	軍	location
75	852	853	1	ID
75	853	856	200	family
75	864	868	1200	med_exam
76	7	8	林	ID
76	8	9	醫	location
76	134	135	林	ID
76	135	136	醫	location
76	1069	1070	怪	ID
76	1692	1693	林	ID
76	1693	1695	醫師	location
76	2196	2197	林	money
76	2197	2198	醫	name
76	2499	2500	問	money
76	2500	2502	林醫	name
76	2751	2752	林	money
76	2752	2753	醫	name
76	3168	3170	八月	time
76	3258	3259	林	ID
76	3259	3260	醫	location
77	444	445	果	ID
77	445	446	汁	location
77	1145	1146	3	profession
77	1146	1147	8	name
77	1147	1148	0	name
77	1239	1241	試驗	time
77	1692	1694	10	med_exam
77	2138	2140	五年	time
77	2168	2171	第二年	time
77	2179	2182	第二年	time
77	2188	2191	第二年	time
77	2292	2294	兩年	time
78	309	311	兩年	time
78	315	317	五月	time
78	324	326	五月	time
79	356	358	22	time
79	808	810	23	med_exam
79	1392	1394	29	med_exam
79	1798	1801	102	med_exam
79	1809	1812	102	med_exam
79	2143	2144	邊	money
79	2144	2146	林醫	name
79	2273	2274	四	money
79	2274	2278	盒﹑五盒	name
80	1089	1093	11月8	time
80	1218	1223	11月25	time
80	1228	1230	25	med_exam
80	1303	1305	91	med_exam
80	1312	1314	91	med_exam
81	260	261	林	ID
81	261	262	醫	location
81	557	558	林	money
81	558	559	醫	name
81	676	677	林	ID
81	677	678	醫	location
81	921	925	6月15	time
81	1150	1151	看	money
81	1151	1153	林醫	name
81	1169	1173	8月22	time
81	1180	1181	四	time
81	1392	1393	林	ID
81	1393	1395	醫師	location
81	1483	1484	林	ID
81	1484	1486	醫師	location
81	1521	1523	半年	time
81	1785	1786	看	money
81	1786	1788	林醫	name
83	813	815	信心	time
83	2046	2048	14	time
83	2060	2062	8月	time
83	2063	2066	…7月	time
83	2069	2073	7月14	time
83	2117	2118	1	name
83	2118	2119	2	name
83	2128	2130	12	family
83	2139	2140	1	name
83	2140	2141	2	name
83	2162	2163	1	name
83	2163	2164	5	name
83	2183	2184	1	name
83	2184	2185	2	name
83	2206	2208	13	family
83	2211	2213	14	med_exam
83	2292	2294	15	time
83	2313	2315	下午	time
83	2382	2385	/15	time
83	2896	2898	14	time
83	3815	3816	下	ID
83	3816	3817	午	location
84	1002	1003	大	ID
84	1003	1006	腿這邊	location
84	1068	1069	大	ID
84	1069	1070	腿	location
84	1267	1270	一個月	time
84	1729	1730	7	profession
84	1730	1731	2	name
84	1731	1732	3	name
84	1734	1735	7	profession
84	1735	1736	2	name
84	1736	1737	3	name
84	2051	2052	7	profession
84	2052	2053	2	name
84	2053	2054	3	name
85	572	575	上個月	time
85	1204	1207	170	med_exam
85	1208	1211	180	med_exam
85	1262	1263	1	profession
85	1263	1264	6	name
85	1264	1265	0	name
85	1278	1279	1	profession
85	1279	1280	7	name
85	1280	1281	0	name
85	1313	1316	170	time
85	1366	1369	170	time
85	1828	1830	早上	time
85	2038	2040	一年	time
85	2421	2423	早上	time
87	276	279	9月4	time
87	294	296	明年	time
87	310	312	年底	time
87	316	318	年底	time
87	328	331	11月	time
87	337	340	11月	time
87	345	349	11月9	time
87	364	367	11月	time
88	71	72	8	name
88	72	73	0	name
88	546	548	習慣	time
88	732	734	80	med_exam
88	746	750	5601	med_exam
88	767	768	1	profession
88	805	807	游泳	ID
88	1596	1598	1年	time
88	1734	1736	1年	time
88	1823	1825	明年	time
88	1970	1971	而	time
88	1977	1980	7月5	time
88	1988	1991	2個月	time
88	1999	2001	兩年	time
88	2009	2011	兩年	time
89	27	29	七月	time
89	38	40	七月	time
90	311	314	40而	med_exam
90	421	425	37.2	med_exam
90	772	773	晚	ID
90	773	775	上睡	location
90	1187	1191	10.9	time
90	1206	1208	五月	time
90	1220	1224	四個多月	time
90	1229	1233	四個多月	time
90	1235	1238	五個月	time
90	1301	1303	個月	time
90	1526	1527	2	education
90	1527	1535	23640298	contact
91	4	5	1	contact
91	6	12	405837	contact
91	365	368	110	med_exam
91	372	375	110	med_exam
91	379	382	110	med_exam
91	452	453	青	ID
91	453	454	菜	location
91	507	510	0.5	med_exam
91	522	523	5	med_exam
91	563	566	下次年	time
91	796	801	11月25	time
91	811	814	11月	time
91	819	824	11月25	time
91	829	834	11月25	time
91	932	933	區	ID
91	944	945	林	ID
91	945	946	醫	location
91	1038	1042	2015	med_exam
91	1046	1051	2015年	time
91	1065	1069	2017	time
91	1070	1072	兩年	time
91	1078	1080	20	time
91	1080	1081	1	name
91	1081	1082	7	name
92	730	733	五個月	time
92	734	735	年	time
92	803	806	兩個月	time
92	1192	1194	七月	time
92	1222	1224	五月	time
92	1424	1425	1	family
92	1427	1431	3902	family
92	1828	1831	七月十	time
93	803	813	1287394675	family
94	435	436	喝	ID
94	436	437	水	location
94	1183	1185	在大	name
94	1190	1191	大	ID
94	1191	1193	棉被	location
94	1249	1250	汗	location
94	1394	1397	這個月	time
94	1399	1401	五年	time
94	1579	1582	下個月	time
94	1637	1639	九月	time
94	2227	2230	五個月	time
94	2288	2290	九月	time
94	2294	2296	九月	time
94	2312	2313	公	money
94	2313	2314	費	name
94	2385	2387	今年	time
96	1310	1313	100	med_exam
96	1314	1317	105	med_exam
96	1321	1324	105	med_exam
97	431	432	林	money
97	432	433	醫	name
97	486	487	考	money
97	487	490	倒林醫	name
97	532	533	林	money
97	533	534	醫	name
97	718	719	林	money
97	719	720	醫	name
97	998	999	林	ID
97	999	1001	醫師	location
97	1431	1432	林	ID
97	1432	1434	醫師	location
97	2118	2119	林	ID
97	2119	2120	恆	location
97	2620	2621	林	money
97	2621	2622	醫	name
97	2633	2634	林	money
97	2634	2635	醫	name
98	251	254	一個月	time
98	406	408	四年	time
98	526	527	大	ID
98	527	528	腦	location
98	649	653	6月16	time
98	708	711	11月	time
98	722	724	5月	time
98	747	750	11月	time
98	850	851	林	ID
98	851	852	老	location
98	1013	1016	12月	time
99	4	5	林	ID
99	323	324	林	ID
99	324	325	阿	location
99	336	337	林	ID
99	1335	1338	兩個月	time
99	1498	1499	林	ID
99	1499	1500	醫	location
99	1515	1516	牧	ID
99	1516	1517	伸	location
99	1834	1836	早上	time
99	1888	1891	三個月	time
100	902	904	兩年	time
100	905	909	兩年多前	time
100	1001	1002	堅	ID
100	1002	1003	果	location
100	1023	1024	子	location
100	2118	2122	這一個月	time
101	170	171	蛀	ID
101	171	172	牙	location
101	223	225	28	time
101	275	276	喝	ID
102	146	149	上個月	time
102	151	153	85	med_exam
102	214	217	上個月	time
102	247	248	8	profession
102	248	249	0	name
102	282	284	27	med_exam
102	307	309	30	med_exam
102	322	324	80	med_exam
103	549	550	習	location
103	636	641	74655	contact
103	641	642	3	education
104	336	338	去年	time
105	415	417	早上	time
105	465	467	早上	time
106	369	372	102	time
106	433	435	出社	time
107	122	124	25	med_exam
107	216	218	40	time
107	399	402	250	med_exam
107	834	835	自	ID
107	1022	1026	一、兩年	time
107	1158	1160	10	time
107	1627	1628	頭	money
107	1628	1629	痛	name
107	1648	1649	頭	money
107	1649	1650	痛	name
107	1668	1669	痛	name
107	1707	1712	10幾年前	time
107	2012	2014	7年	time
107	2694	2697	3個月	time
107	2701	2704	3個月	time
107	2712	2713	9	time
107	2714	2715	7	time
107	2716	2717	8	time
107	2752	2755	3個月	time
108	2379	2382	試試看	time
108	2445	2448	試試看	time
109	90	91	美	time
109	502	504	去年	time
109	545	546	林	ID
109	546	548	可欽	location
109	656	657	頭	money
109	657	658	殼	location
109	658	659	痛	location
109	734	735	頭	money
109	735	736	痛	name
109	741	742	背	money
109	742	743	痛	name
109	752	755	兩個月	time
109	810	812	兩個	time
109	816	819	兩個月	time
109	823	826	十一月	time
109	834	837	十一月	time
109	1489	1490	顏	ID
109	1490	1491	色	location
110	80	83	快95	med_exam
110	217	219	八月	time
110	324	325	漸	ID
110	325	326	進	location
110	366	368	一年	time
110	471	473	去年	time
110	497	499	去年	time
110	563	565	去年	time
110	1148	1151	四個月	time
110	1329	1330	子	family
110	1494	1497	兩個月	time
111	1165	1168	試試看	time
111	2364	2367	試試看	time
111	2414	2417	試試看	time
112	647	648	5	name
112	648	649	5	name
112	760	763	255	med_exam
113	1290	1291	追	money
113	1291	1292	加	name
113	1339	1340	追	money
113	1340	1341	加	name
114	77	80	7月份	time
114	1364	1368	10月7	time
114	1765	1767	七月	time
114	2018	2020	一年	time
114	2023	2026	四個月	time
114	2074	2076	早抽	time
114	2103	2104	6	profession
114	2104	2105	6	name
114	2105	2106	1	name
114	2106	2107	5	name
114	2407	2409	65	time
114	2412	2420	60……60年次	time
114	2427	2431	65年次	time
114	2456	2460	60年次	time
115	36	41	10月20	time
115	42	46	11月1	time
115	68	72	2月17	time
115	140	144	這一個月	time
115	383	386	業兩年	time
115	400	402	一年	time
115	793	795	出社	time
115	1980	1982	一月	time
115	2222	2225	每個月	time
115	2409	2410	判	ID
115	2410	2411	斷	location
115	2490	2492	五月	time
115	2511	2513	五月	time
116	362	363	問	ID
116	363	364	題	location
117	4	7	這個月	time
117	112	116	這一個月	time
117	438	440	五月	time
117	458	460	20	time
117	465	467	20	time
117	469	473	5月20	time
117	474	478	5月21	time
117	479	483	5月22	time
117	484	488	5月23	time
117	856	860	9月19	time
117	876	881	10月20	time
118	58	60	一年	time
118	76	78	一年	time
118	87	89	9月	time
118	92	95	10月	time
118	189	190	2	time
118	191	194	3個月	time
118	1571	1572	風	money
118	1572	1573	險	location
118	1762	1763	而	ID
118	1783	1784	頸	ID
118	1784	1785	癌	location
119	202	205	一個月	time
120	6	10	這一個月	time
120	126	129	兩年多	time
120	137	140	兩年多	time
120	1881	1884	下個月	time
120	1901	1904	下個月	time
120	1994	1997	這個月	time
120	2179	2182	上個月	time
121	4	7	這個月	time
121	482	483	8	profession
121	483	484	0	name
121	484	485	分	name
121	486	487	7	profession
121	487	488	9	name
121	492	493	8	profession
121	493	494	0	name
121	494	495	分	name
121	496	497	7	profession
121	497	498	0	name
121	996	997	A	education
121	997	999	28	contact
121	999	1006	9370198	family
122	4	7	這個月	time
122	237	239	9月	time
122	271	274	這個月	time
122	360	363	快兩年	time
122	371	374	兩年多	time
122	380	383	兩年多	time
122	852	856	6月份抽	time
122	886	890	7月17	time
122	909	913	7月17	time
122	914	916	8月	time
122	923	926	半月而	time
122	946	950	7月17	time
122	966	971	10月16	time
122	973	978	10月16	time
122	1101	1107	說10月17	time
122	1424	1425	1	name
122	1425	1426	4	name
122	1753	1754	1	profession
122	1754	1755	2	name
122	1755	1756	5	name
122	1756	1757	0	name
122	1757	1758	0	name
122	1777	1778	5	profession
122	1778	1779	0	name
122	1779	1780	0	name
122	1780	1781	0	name
122	1818	1819	1	profession
122	1819	1820	2	name
122	1820	1821	5	name
122	1821	1822	0	name
122	1822	1823	0	name
123	26	29	這個月	time
123	344	347	這個月	time
124	4	7	這個月	time
124	211	214	上個月	time
124	226	228	五月	time
124	271	275	這一個月	time
124	448	451	這個月	time
125	4	7	這個月	time
126	398	400	早上	time
126	703	704	驗	money
126	704	705	H	name
126	746	751	73804	contact
126	751	752	7	name
126	752	753	8	name
127	530	531	1	money
127	531	535	00診間	name
128	836	840	11月2	time
128	850	854	11月2	time
128	889	893	11月2	time
129	7	10	這個月	time
129	17	20	這個月	time
129	199	201	試試	time
129	211	214	這個月	time
129	261	263	10	med_exam
129	272	274	10	med_exam
129	1859	1862	3年多	time
129	1886	1888	3年	time
130	4	7	這個月	time
130	97	100	這個月	time
130	109	112	這個月	time
130	132	135	這個月	time
130	180	183	這個月	time
130	233	236	這個月	time
130	328	331	這個月	time
130	362	364	5點	time
130	793	796	一個月	time
130	823	827	11月2	time
130	909	913	11月3	time
130	923	927	11月4	time
130	1171	1176	11月10	time
131	4	7	這個月	time
131	252	255	三個月	time
131	272	274	25	med_exam
131	414	415	色	ID
131	415	416	收	location
131	419	420	1	money
131	420	424	07診間	name
131	444	446	色收	location
131	453	454	色	ID
131	454	455	收	location
131	470	471	色	ID
131	471	472	收	location
131	476	477	1	money
131	477	481	07診間	name
131	569	573	11月5	time
131	719	723	11月6	time
131	733	737	11月7	time
131	1015	1021	11月11號	time
131	1028	1033	11月12	time
132	4	7	這個月	time
132	116	119	兩年多	time
132	128	131	兩年多	time
132	274	277	這個月	time
132	1125	1129	9月28	med_exam
132	1131	1134	10月	time
132	1134	1136	12	med_exam
132	1265	1266	色	ID
132	1266	1267	收	location
132	1270	1271	1	name
132	1271	1272	0	name
132	1272	1273	6	name
132	1275	1276	1	money
132	1276	1278	06	name
132	1284	1285	1	profession
132	1285	1286	0	name
132	1286	1287	6	name
133	4	7	這個月	time
133	39	42	這個月	time
133	51	54	這個月	time
133	58	61	這個月	time
133	749	753	3200	time
133	759	762	一個月	time
133	766	770	3200	time
133	780	783	一個月	time
133	923	924	自	ID
133	924	925	己	location
133	997	998	自	ID
133	998	999	己	location
134	4	7	這個月	time
134	14	17	這個月	time
134	450	453	3月7	time
135	4	7	這個月	time
135	83	86	這個月	time
135	360	361	真	ID
135	406	409	6月份	time
135	427	430	6月份	time
135	966	969	一個月	time
135	984	987	一個月	time
136	28	32	這一個月	time
136	183	186	這個月	time
136	207	210	這個月	time
136	248	249	痔	profession
136	249	250	瘡	family
136	482	484	明年	time
136	697	700	12月	time
137	231	232	月	location
137	263	266	11月	time
137	384	387	一月五	time
137	603	607	這一個月	time
137	614	617	這個月	time
137	728	731	這個月	time
137	1277	1278	色	ID
137	1278	1279	收	location
137	1287	1288	1	money
137	1288	1290	07	name
137	2062	2063	0	name
137	2063	2064	0	name
137	2070	2071	1	profession
137	2071	2072	0	name
137	2072	2073	0	name
138	171	174	這個月	time
138	250	254	第一個月	time
138	1133	1137	12月7	time
138	1151	1155	12月7	time
138	1232	1235	12月	time
138	1256	1260	12月7	time
139	205	208	一個月	time
140	18	22	兩個多月	time
140	136	137	月	time
140	141	145	一兩個月	time
140	373	374	新	ID
140	374	375	竹	location
140	390	393	抽半年	time
140	538	541	上個月	time
140	577	578	1	med_exam
140	947	950	兩個月	time
140	1059	1060	公	ID
140	1060	1061	費	location
140	1192	1193	四	ID
140	1193	1194	百	location
140	1250	1251	總	ID
140	1251	1252	共	location
140	1716	1719	四年多	time
140	1732	1734	兩年	time
140	1766	1768	五年	time
141	138	141	一個月	time
141	162	165	一個月	time
141	964	969	現在兩個月	time
141	971	973	半年	time
141	993	994	2	name
141	994	995	6	name
141	1101	1104	兩個月	time
141	1119	1122	11月	time
141	1124	1125	年	time
141	1126	1128	3月	time
141	1812	1813	瘡	family
142	19	20	3	name
142	20	21	8	name
142	21	22	2	name
142	38	41	5個月	time
142	1918	1919	0	med_exam
142	2025	2028	一個月	time
142	2133	2136	一個月	time
142	2156	2158	10	med_exam
142	2194	2196	10	med_exam
142	2363	2366	這個年	time
142	2606	2609	一個月	time
142	2625	2628	一個月	time
142	2635	2638	一個月	time
142	2691	2694	一個月	time
143	305	308	8月9	time
143	310	312	8月	time
143	345	348	這個月	time
143	491	495	這兩個月	time
143	715	719	2月22	time
143	808	815	0927773	med_exam
143	815	816	6	med_exam
143	816	817	4	med_exam
143	817	818	5	med_exam
144	1899	1901	ap	time
144	2096	2099	一個月	time
145	166	168	一月	time
145	270	272	一月	time
146	7	16	189370256	family
146	36	39	這個月	time
146	1056	1060	第五個月	time
146	1079	1082	下個月	time
146	1090	1093	下個月	time
147	5	8	這個月	time
147	40	43	這個月	time
148	52	55	三個月	time
148	58	61	7月底	time
148	152	154	8月	time
148	168	174	5、6、7月	time
149	414	417	五個月	time
149	1486	1489	四個月	time
149	1966	1969	四月抽	time
150	378	383	10月20	time
150	389	390	抽	name
150	407	408	抽	time
150	427	430	這個月	time
150	704	706	一年	time
150	3135	3138	五個月	time
150	3852	3856	1500	med_exam
150	5979	5982	10月	time
150	6301	6304	說一月	time
150	6482	6486	1月10	time
150	6577	6581	1月10	time
150	6605	6608	1月1	time
151	52	55	這個月	time
151	715	719	一兩個月	time
151	1015	1018	每個月	time
151	1100	1103	…回回	time
151	1164	1167	因為你	time
151	1185	1188	我們要	time
151	1286	1291	10月15	time
151	1308	1310	早上	time
152	7	10	這個月	time
152	285	286	總	ID
152	286	287	之	location
152	334	337	這個月	time
152	345	348	這個月	time
152	783	785	兩年	time
152	1055	1056	自	ID
152	1056	1057	己	location
152	1316	1319	兩個禮	time
152	2256	2259	下個月	time
152	2294	2297	下個月	time
152	2312	2315	兩個月	time
152	2383	2386	下個月	time
152	2579	2581	九月	time
152	3009	3011	九月	time
152	3243	3246	兩個月	time
152	3273	3276	兩個月	time
152	3532	3535	這個月	time
153	3	6	這個月	time
153	152	154	個月	time
154	3	6	這個月	time
154	19	22	這個月	time
154	132	135	這個月	time
154	252	256	一個半月	time
154	444	446	習慣	time
154	536	538	習慣	time
154	1010	1011	2	name
154	1011	1012	4	name
154	1699	1702	這個月	time
154	2083	2086	下凱宣	time
154	2129	2131	5月	time
154	2140	2142	8月	med_exam
155	4	7	這個月	time
155	48	51	這個月	time
155	145	148	這個月	time
155	264	267	每個月	time
155	2195	2197	出現	time
156	1217	1219	出現	time
156	3273	3277	5632	med_exam
157	7	11	第一個月	time
157	93	97	一、兩個	time
157	292	295	這個月	time
157	449	454	第二個月而	time
157	469	473	第二個月	time
157	900	902	一年	time
157	923	925	一年	time
157	1466	1469	一個月	time
157	2594	2596	明年	time
157	3350	3351	哼	ID
157	3535	3538	下個月	time
157	3627	3629	九月	time
157	3643	3645	九月	time
157	3646	3647	四	time
157	3675	3677	早上	time
158	91	94	這個月	time
158	127	130	這個月	time
158	1111	1116	一個下個月	time
158	1381	1390	124699678	family
